BUS;P_MAX;P_MIN;Q_MAX;Q_MIN;status;P_COSTE0;P_COSTE1;P_COSTE2
1;271;0;10;0;1;0;18.421528;0
2;92;0;46;-40;1;0;52.182254;0
5;0;0;40;-40;1;0;0;0
8;0;0;40;-10;1;0;0;0
11;0;0;24;-6;1;0;0;0
13;0;0;24;-6;1;0;0;0
