bus;Pg;Qg;Qmax;Qmin;Vg;mBase;status;Pmax;Pmin;c2;c1;c0
1;135.5;5;10;0;1;100;1;271;0;0;18.421528;0
2;46;3;46;-40;1;100;1;92;0;0;52.182254;0
5;0;0;40;-40;1;100;1;0;0;0;0;0
8;0;15;40;-10;1;100;1;0;0;0;0;0
11;0;9;24;-6;1;100;1;0;0;0;0;0
13;0;9;24;-6;1;100;1;0;0;0;0;0
