bus;potenciaGen
913;1632.999999999999
2107;500.0
2267;166.67
3659;666.67
4586;-13.228558262417312
5097;7.08
6233;1200.0
6798;333.33
7279;100.0
7960;328.88768826242654
8605;200.0
9239;600.0
